class,cbo,rfc,lcom
com.onelogin.saml2.model.hsm.HSM,1,0,10
com.onelogin.saml2.authn.AuthnRequest,7,39,14
com.onelogin.saml2.util.SchemaFactory$Anonymous1,4,10,1
com.onelogin.saml2.test.settings.Saml2SettingsTest,9,38,253
com.onelogin.saml2.model.Contact,0,4,14
com.onelogin.saml2.factory.SamlMessageFactory,9,0,15
com.onelogin.saml2.test.AuthTest$1SamlResponseEx,5,3,0
com.onelogin.saml2.test.authn.AuthnResponseTest,18,109,7171
com.onelogin.saml2.test.AuthTest$1LogoutRequestEx,4,1,0
com.onelogin.saml2.test.AuthTest$2LogoutResponseEx,5,3,0
com.onelogin.saml2.test.logout.LogoutRequestTest$Anonymous2,0,0,0
com.onelogin.saml2.test.logout.LogoutRequestTest$Anonymous1,0,0,0
com.onelogin.saml2.logout.LogoutRequestParams,1,5,0
com.onelogin.saml2.model.SubjectConfirmationIssue,1,5,0
com.onelogin.saml2.test.logout.LogoutRequestTest$Anonymous4,2,3,0
com.onelogin.saml2.test.logout.LogoutResponseTest,11,46,406
com.onelogin.saml2.test.logout.LogoutRequestTest$Anonymous3,0,0,0
com.onelogin.saml2.settings.SettingsBuilder,8,132,314
com.onelogin.saml2.test.model.OrganizationTest,2,8,1
com.onelogin.saml2.test.AuthTest,24,133,3210
com.onelogin.saml2.test.NaiveUrlEncodeTest,3,5,0
com.onelogin.saml2.test.AuthTest$Anonymous6,4,0,0
com.onelogin.saml2.Auth,21,97,1964
com.onelogin.saml2.test.AuthTest$Anonymous4,4,0,0
com.onelogin.saml2.test.AuthTest$Anonymous5,4,0,0
com.onelogin.saml2.test.AuthTest$Anonymous2,4,0,0
com.onelogin.saml2.test.AuthTest$Anonymous3,4,0,0
com.onelogin.saml2.util.DateTimeTestUtils,1,5,1
com.onelogin.saml2.test.model.SamlResponseStatusTest,2,9,6
com.onelogin.saml2.test.AuthTest$Anonymous1,4,0,0
com.onelogin.saml2.authn.SamlResponse,15,124,726
com.onelogin.saml2.test.settings.MetadataTest$Anonymous1,1,3,0
com.onelogin.saml2.settings.IdPMetadataParser,11,27,43
com.onelogin.saml2.logout.LogoutResponseParams,2,2,0
com.onelogin.saml2.test.authn.AuthnResponseTest$Anonymous1,3,8,0
com.onelogin.saml2.Auth$Anonymous1,0,0,0
com.onelogin.saml2.test.settings.IdPMetadataParserTest,9,39,45
com.onelogin.saml2.model.hsm.AzureKeyVault,10,21,4
com.onelogin.saml2.http.HttpRequestTest,4,22,66
com.onelogin.saml2.exception.SAMLException,0,0,3
com.onelogin.saml2.http.HttpRequest,3,30,0
com.onelogin.saml2.settings.Saml2Settings,11,66,5238
com.onelogin.saml2.util.Util,24,213,2420
com.onelogin.saml2.model.Organization,1,7,0
com.onelogin.saml2.test.logout.LogoutResponseTest$Anonymous6,3,9,0
com.onelogin.saml2.test.logout.LogoutResponseTest$Anonymous5,2,3,0
com.onelogin.saml2.exception.XMLEntityException,1,0,0
com.onelogin.saml2.test.util.UtilsTest,11,92,2926
com.onelogin.saml2.servlet.ServletUtils,5,26,55
com.onelogin.saml2.util.Util$Anonymous1,0,1,3
com.onelogin.saml2.logout.LogoutResponse,15,81,137
com.onelogin.saml2.model.KeyStoreSettings,0,0,0
com.onelogin.saml2.test.NaiveUrlEncoder,0,4,1
com.onelogin.saml2.model.RequestedAttribute,0,0,5
com.onelogin.saml2.test.servlet.ServletUtilsTest,6,35,66
com.onelogin.saml2.test.AuthTest$2LogoutRequestEx,5,3,0
com.onelogin.saml2.test.settings.SettingBuilderTest,12,90,120
com.onelogin.saml2.test.AuthTest$FactoryInvokedException,0,0,0
com.onelogin.saml2.model.AttributeConsumingService,1,1,0
com.onelogin.saml2.exception.SettingsException,1,0,0
com.onelogin.saml2.exception.Error,1,0,0
com.onelogin.saml2.authn.AuthnRequestParams,1,5,0
com.onelogin.saml2.settings.Metadata,12,67,83
com.onelogin.saml2.util.Preconditions,1,0,1
com.onelogin.saml2.test.settings.MetadataTest,11,35,351
com.onelogin.saml2.model.SamlResponseStatus,0,2,8
com.onelogin.saml2.util.XMLErrorAccumulatorHandler,5,6,0
com.onelogin.saml2.util.SchemaFactory,3,5,1
com.onelogin.saml2.util.Constants,0,0,0
com.onelogin.saml2.test.authn.AuthnRequestTest$Anonymous1,0,0,0
com.onelogin.saml2.logout.LogoutRequest,13,90,662
com.onelogin.saml2.test.authn.AuthnRequestTest$Anonymous2,0,0,0
com.onelogin.saml2.test.authn.AuthnRequestTest$Anonymous3,0,0,0
com.onelogin.saml2.test.AuthTest$1AuthnRequestEx,4,1,0
com.onelogin.saml2.test.authn.AuthnRequestTest$Anonymous4,2,3,0
com.onelogin.saml2.test.authn.AuthnRequestTest,6,22,153
com.onelogin.saml2.test.AuthTest$1LogoutResponseEx,5,8,0
com.onelogin.saml2.test.logout.LogoutRequestTest,14,63,721
com.onelogin.saml2.test.logout.LogoutResponseTest$Anonymous4,0,0,0
com.onelogin.saml2.test.model.ContactTest,2,4,0
com.onelogin.saml2.exception.ValidationError,1,0,0
com.onelogin.saml2.test.logout.LogoutResponseTest$Anonymous3,0,0,0
com.onelogin.saml2.test.logout.LogoutResponseTest$Anonymous2,0,0,0
com.onelogin.saml2.test.logout.LogoutResponseTest$Anonymous1,0,0,0
